Jornada,Fecha,Hora,Local,Visita,GA,GC
1. Jornada,2025-08-15,18:45,Stade Rennais,Olympique Marseille,1,0
1. Jornada,2025-08-16,15:00,RC Lens,Olympique Lyonnais,0,1
1. Jornada,2025-08-16,17:00,AS Monaco,Havre AC,3,1
1. Jornada,2025-08-16,19:05,OGC Nice,Toulouse FC,0,1
1. Jornada,2025-08-17,13:00,Stade Brestois 29,Lille OSC,3,3
1. Jornada,2025-08-17,15:15,AJ Auxerre,FC Lorient,1,0
1. Jornada,2025-08-17,15:15,FC Metz,RC Strasbourg,0,1
1. Jornada,2025-08-17,15:15,Angers SCO,Paris FC,1,0
1. Jornada,2025-08-17,18:45,FC Nantes,Paris Saint-Germain,0,1
2. Jornada,2025-08-22,18:45,Paris Saint-Germain,Angers SCO,1,0
2. Jornada,2025-08-23,15:00,Olympique Marseille,Paris FC,5,2
2. Jornada,2025-08-23,17:00,OGC Nice,AJ Auxerre,3,1
2. Jornada,2025-08-23,19:05,Olympique Lyonnais,FC Metz,3,0
2. Jornada,2025-08-24,13:00,FC Lorient,Stade Rennais,4,0
2. Jornada,2025-08-24,15:15,Havre AC,RC Lens,1,2
2. Jornada,2025-08-24,15:15,Toulouse FC,Stade Brestois 29,2,0
2. Jornada,2025-08-24,15:15,RC Strasbourg,FC Nantes,1,0
2. Jornada,2025-08-24,18:45,Lille OSC,AS Monaco,1,0
3. Jornada,2025-08-29,18:45,RC Lens,Stade Brestois 29,3,1
3. Jornada,2025-08-30,15:00,FC Lorient,Lille OSC,1,7
3. Jornada,2025-08-30,17:00,FC Nantes,AJ Auxerre,1,0
3. Jornada,2025-08-30,19:05,Toulouse FC,Paris Saint-Germain,3,6
3. Jornada,2025-08-31,13:00,Angers SCO,Stade Rennais,1,1
3. Jornada,2025-08-31,15:15,Havre AC,OGC Nice,3,1
3. Jornada,2025-08-31,15:15,AS Monaco,RC Strasbourg,3,2
3. Jornada,2025-08-31,15:15,Paris FC,FC Metz,3,2
3. Jornada,2025-08-31,18:45,Olympique Lyonnais,Olympique Marseille,1,0
4. Jornada,2025-09-12,18:45,Olympique Marseille,FC Lorient,4,0
4. Jornada,2025-09-13,15:00,OGC Nice,FC Nantes,1,0
4. Jornada,2025-09-13,19:05,AJ Auxerre,AS Monaco,1,2
4. Jornada,2025-09-14,13:00,Lille OSC,Toulouse FC,2,1
4. Jornada,2025-09-14,15:15,FC Metz,Angers SCO,1,1
4. Jornada,2025-09-14,15:15,Paris Saint-Germain,RC Lens,2,0
4. Jornada,2025-09-14,15:15,RC Strasbourg,Havre AC,1,0
4. Jornada,2025-09-14,15:15,Stade Brestois 29,Paris FC,1,2
4. Jornada,2025-09-14,18:45,Stade Rennais,Olympique Lyonnais,3,1
5. Jornada,2025-09-19,18:45,Olympique Lyonnais,Angers SCO,1,0
5. Jornada,2025-09-20,15:00,FC Nantes,Stade Rennais,2,2
5. Jornada,2025-09-20,17:00,Stade Brestois 29,OGC Nice,4,1
5. Jornada,2025-09-20,19:05,RC Lens,Lille OSC,3,0
5. Jornada,2025-09-21,13:00,Paris FC,RC Strasbourg,2,3
5. Jornada,2025-09-21,15:15,Havre AC,FC Lorient,1,1
5. Jornada,2025-09-21,15:15,AJ Auxerre,Toulouse FC,1,0
5. Jornada,2025-09-21,15:15,AS Monaco,FC Metz,5,2
5. Jornada,2025-09-22,18:00,Olympique Marseille,Paris Saint-Germain,1,0
6. Jornada,2025-09-26,18:45,RC Strasbourg,Olympique Marseille,1,2
6. Jornada,2025-09-27,15:00,FC Lorient,AS Monaco,3,1
6. Jornada,2025-09-27,17:00,Toulouse FC,FC Nantes,2,2
6. Jornada,2025-09-27,19:05,Paris Saint-Germain,AJ Auxerre,2,0
6. Jornada,2025-09-28,13:00,OGC Nice,Paris FC,1,1
6. Jornada,2025-09-28,15:15,FC Metz,Havre AC,0,0
6. Jornada,2025-09-28,15:15,Lille OSC,Olympique Lyonnais,0,1
6. Jornada,2025-09-28,15:15,Angers SCO,Stade Brestois 29,0,2
6. Jornada,2025-09-28,18:45,Stade Rennais,RC Lens,0,0
7. Jornada,2025-10-03,18:45,Paris FC,FC Lorient,2,0
7. Jornada,2025-10-04,15:00,FC Metz,Olympique Marseille,0,3
7. Jornada,2025-10-04,17:00,Stade Brestois 29,FC Nantes,0,0
7. Jornada,2025-10-04,19:05,AJ Auxerre,RC Lens,1,2
7. Jornada,2025-10-05,13:00,Olympique Lyonnais,Toulouse FC,1,2
7. Jornada,2025-10-05,15:15,Havre AC,Stade Rennais,2,2
7. Jornada,2025-10-05,15:15,AS Monaco,OGC Nice,2,2
7. Jornada,2025-10-05,15:15,RC Strasbourg,Angers SCO,5,0
7. Jornada,2025-10-05,18:45,Lille OSC,Paris Saint-Germain,1,1
8. Jornada,2025-10-17,18:45,Paris Saint-Germain,RC Strasbourg,3,3
8. Jornada,2025-10-18,15:00,OGC Nice,Olympique Lyonnais,3,2
8. Jornada,2025-10-18,17:00,Angers SCO,AS Monaco,1,1
8. Jornada,2025-10-18,19:05,Olympique Marseille,Havre AC,6,2
8. Jornada,2025-10-19,13:00,RC Lens,Paris FC,2,1
8. Jornada,2025-10-19,15:15,FC Lorient,Stade Brestois 29,3,3
8. Jornada,2025-10-19,15:15,Toulouse FC,FC Metz,4,0
8. Jornada,2025-10-19,15:15,Stade Rennais,AJ Auxerre,2,2
8. Jornada,2025-10-19,18:45,FC Nantes,Lille OSC,0,2
9. Jornada,2025-10-24,18:45,Paris FC,FC Nantes,1,2
9. Jornada,2025-10-25,15:00,Stade Brestois 29,Paris Saint-Germain,0,3
9. Jornada,2025-10-25,17:00,AS Monaco,Toulouse FC,1,0
9. Jornada,2025-10-25,19:05,RC Lens,Olympique Marseille,2,1
9. Jornada,2025-10-26,14:00,Lille OSC,FC Metz,6,1
9. Jornada,2025-10-26,16:15,AJ Auxerre,Havre AC,0,1
9. Jornada,2025-10-26,16:15,Angers SCO,FC Lorient,2,0
9. Jornada,2025-10-26,16:15,Stade Rennais,OGC Nice,1,2
9. Jornada,2025-10-26,19:45,Olympique Lyonnais,RC Strasbourg,2,1
10. Jornada,2025-10-29,18:00,Havre AC,Stade Brestois 29,1,0
10. Jornada,2025-10-29,18:00,FC Lorient,Paris Saint-Germain,1,1
10. Jornada,2025-10-29,18:00,FC Metz,RC Lens,2,0
10. Jornada,2025-10-29,18:00,OGC Nice,Lille OSC,2,0
10. Jornada,2025-10-29,20:05,FC Nantes,AS Monaco,3,5
10. Jornada,2025-10-29,20:05,Paris FC,Olympique Lyonnais,3,3
10. Jornada,2025-10-29,20:05,Toulouse FC,Stade Rennais,2,2
10. Jornada,2025-10-29,20:05,Olympique Marseille,Angers SCO,2,2
10. Jornada,2025-10-29,20:05,RC Strasbourg,AJ Auxerre,3,0
11. Jornada,2025-11-01,16:00,Paris Saint-Germain,OGC Nice,1,0
11. Jornada,2025-11-01,18:00,AS Monaco,Paris FC,0,1
11. Jornada,2025-11-01,20:05,AJ Auxerre,Olympique Marseille,0,1
11. Jornada,2025-11-02,14:00,Stade Rennais,RC Strasbourg,4,1
11. Jornada,2025-11-02,16:15,FC Nantes,FC Metz,0,2
11. Jornada,2025-11-02,16:15,Toulouse FC,Havre AC,0,0
11. Jornada,2025-11-02,16:15,Lille OSC,Angers SCO,1,0
11. Jornada,2025-11-02,16:15,RC Lens,FC Lorient,3,0
11. Jornada,2025-11-02,19:45,Stade Brestois 29,Olympique Lyonnais,0,0
12. Jornada,2025-11-07,19:45,Paris FC,Stade Rennais,0,1
12. Jornada,2025-11-08,16:00,Olympique Marseille,Stade Brestois 29,3,0
12. Jornada,2025-11-08,18:00,Havre AC,FC Nantes,1,1
12. Jornada,2025-11-08,20:05,AS Monaco,RC Lens,1,4
12. Jornada,2025-11-09,14:00,FC Lorient,Toulouse FC,1,1
12. Jornada,2025-11-09,16:15,FC Metz,OGC Nice,2,1
12. Jornada,2025-11-09,16:15,RC Strasbourg,Lille OSC,2,0
12. Jornada,2025-11-09,16:15,Angers SCO,AJ Auxerre,2,0
12. Jornada,2025-11-09,19:45,Olympique Lyonnais,Paris Saint-Germain,2,3
13. Jornada,2025-11-21,19:45,OGC Nice,Olympique Marseille,1,5
13. Jornada,2025-11-22,16:00,RC Lens,RC Strasbourg,1,0
13. Jornada,2025-11-22,18:00,Stade Rennais,AS Monaco,4,1
13. Jornada,2025-11-22,20:05,Paris Saint-Germain,Havre AC,3,0
13. Jornada,2025-11-23,14:00,AJ Auxerre,Olympique Lyonnais,0,0
13. Jornada,2025-11-23,16:15,FC Nantes,FC Lorient,1,1
13. Jornada,2025-11-23,16:15,Toulouse FC,Angers SCO,0,1
13. Jornada,2025-11-23,16:15,Stade Brestois 29,FC Metz,3,2
13. Jornada,2025-11-23,19:45,Lille OSC,Paris FC,4,2
14. Jornada,2025-11-28,19:45,FC Metz,Stade Rennais,0,1
14. Jornada,2025-11-29,16:00,AS Monaco,Paris Saint-Germain,1,0
14. Jornada,2025-11-29,18:00,Paris FC,AJ Auxerre,1,1
14. Jornada,2025-11-29,20:05,Olympique Marseille,Toulouse FC,2,2
14. Jornada,2025-11-30,14:00,RC Strasbourg,Stade Brestois 29,0,0
14. Jornada,2025-11-30,16:15,Havre AC,Lille OSC,,
14. Jornada,2025-11-30,16:15,FC Lorient,OGC Nice,,
14. Jornada,2025-11-30,16:15,Angers SCO,RC Lens,,
14. Jornada,2025-11-30,19:45,Olympique Lyonnais,FC Nantes,,
15. Jornada,2025-12-05,18:00,Stade Brestois 29,AS Monaco,,
15. Jornada,2025-12-05,20:00,Lille OSC,Olympique Marseille,,
15. Jornada,2025-12-06,16:00,FC Nantes,RC Lens,,
15. Jornada,2025-12-06,18:00,Toulouse FC,RC Strasbourg,,
15. Jornada,2025-12-06,20:05,Paris Saint-Germain,Stade Rennais,,
15. Jornada,2025-12-07,14:00,OGC Nice,Angers SCO,,
15. Jornada,2025-12-07,16:15,Havre AC,Paris FC,,
15. Jornada,2025-12-07,16:15,AJ Auxerre,FC Metz,,
15. Jornada,2025-12-07,19:45,FC Lorient,Olympique Lyonnais,,
16. Jornada,2025-12-12,19:45,Angers SCO,FC Nantes,,
16. Jornada,2025-12-13,16:00,Stade Rennais,Stade Brestois 29,,
16. Jornada,2025-12-13,18:00,FC Metz,Paris Saint-Germain,,
16. Jornada,2025-12-13,20:05,Paris FC,Toulouse FC,,
16. Jornada,2025-12-14,14:00,Olympique Lyonnais,Havre AC,,
16. Jornada,2025-12-14,16:15,AJ Auxerre,Lille OSC,,
16. Jornada,2025-12-14,16:15,RC Strasbourg,FC Lorient,,
16. Jornada,2025-12-14,16:15,RC Lens,OGC Nice,,
16. Jornada,2025-12-14,19:45,Olympique Marseille,AS Monaco,,
17. Jornada,2026-01-02,19:45,Toulouse FC,RC Lens,,
17. Jornada,2026-01-03,16:00,AS Monaco,Olympique Lyonnais,,
17. Jornada,2026-01-03,18:00,OGC Nice,RC Strasbourg,,
17. Jornada,2026-01-03,20:05,Lille OSC,Stade Rennais,,
17. Jornada,2026-01-04,14:00,Olympique Marseille,FC Nantes,,
17. Jornada,2026-01-04,16:15,Havre AC,Angers SCO,,
17. Jornada,2026-01-04,16:15,FC Lorient,FC Metz,,
17. Jornada,2026-01-04,16:15,Stade Brestois 29,AJ Auxerre,,
17. Jornada,2026-01-04,19:45,Paris Saint-Germain,Paris FC,,
18. Jornada,2026-01-16,18:00,AS Monaco,FC Lorient,,
18. Jornada,2026-01-16,20:00,Paris Saint-Germain,Lille OSC,,
18. Jornada,2026-01-17,16:00,RC Lens,AJ Auxerre,,
18. Jornada,2026-01-17,18:00,Toulouse FC,OGC Nice,,
18. Jornada,2026-01-17,20:05,Angers SCO,Olympique Marseille,,
18. Jornada,2026-01-18,14:00,RC Strasbourg,FC Metz,,
18. Jornada,2026-01-18,16:15,FC Nantes,Paris FC,,
18. Jornada,2026-01-18,16:15,Stade Rennais,Havre AC,,
18. Jornada,2026-01-18,19:45,Olympique Lyonnais,Stade Brestois 29,,
19. Jornada,2026-01-23,19:00,AJ Auxerre,Paris Saint-Germain,,
19. Jornada,2026-01-24,16:00,Stade Rennais,FC Lorient,,
19. Jornada,2026-01-24,18:00,Havre AC,AS Monaco,,
19. Jornada,2026-01-24,20:05,Olympique Marseille,RC Lens,,
19. Jornada,2026-01-25,14:00,FC Nantes,OGC Nice,,
19. Jornada,2026-01-25,16:15,FC Metz,Olympique Lyonnais,,
19. Jornada,2026-01-25,16:15,Paris FC,Angers SCO,,
19. Jornada,2026-01-25,16:15,Stade Brestois 29,Toulouse FC,,
19. Jornada,2026-01-25,19:45,Lille OSC,RC Strasbourg,,
20. Jornada,2026-01-30,19:45,RC Lens,Havre AC,,
20. Jornada,2026-01-31,16:00,Paris FC,Olympique Marseille,,
20. Jornada,2026-01-31,18:00,FC Lorient,FC Nantes,,
20. Jornada,2026-01-31,20:05,AS Monaco,Stade Rennais,,
20. Jornada,2026-02-01,14:00,Olympique Lyonnais,Lille OSC,,
20. Jornada,2026-02-01,16:15,Toulouse FC,AJ Auxerre,,
20. Jornada,2026-02-01,16:15,OGC Nice,Stade Brestois 29,,
20. Jornada,2026-02-01,16:15,Angers SCO,FC Metz,,
20. Jornada,2026-02-01,19:45,RC Strasbourg,Paris Saint-Germain,,
21. Jornada,2026-02-07,23:00,Havre AC,RC Strasbourg,,
21. Jornada,2026-02-07,23:00,AJ Auxerre,Paris FC,,
21. Jornada,2026-02-07,23:00,FC Metz,Lille OSC,,
21. Jornada,2026-02-07,23:00,FC Nantes,Olympique Lyonnais,,
21. Jornada,2026-02-07,23:00,OGC Nice,AS Monaco,,
21. Jornada,2026-02-07,23:00,Paris Saint-Germain,Olympique Marseille,,
21. Jornada,2026-02-07,23:00,RC Lens,Stade Rennais,,
21. Jornada,2026-02-07,23:00,Angers SCO,Toulouse FC,,
21. Jornada,2026-02-07,23:00,Stade Brestois 29,FC Lorient,,
22. Jornada,2026-02-14,23:00,Havre AC,Toulouse FC,,
22. Jornada,2026-02-14,23:00,AS Monaco,FC Nantes,,
22. Jornada,2026-02-14,23:00,FC Lorient,Angers SCO,,
22. Jornada,2026-02-14,23:00,FC Metz,AJ Auxerre,,
22. Jornada,2026-02-14,23:00,Paris FC,RC Lens,,
22. Jornada,2026-02-14,23:00,Olympique Lyonnais,OGC Nice,,
22. Jornada,2026-02-14,23:00,Olympique Marseille,RC Strasbourg,,
22. Jornada,2026-02-14,23:00,Lille OSC,Stade Brestois 29,,
22. Jornada,2026-02-14,23:00,Stade Rennais,Paris Saint-Germain,,
23. Jornada,2026-02-21,23:00,AJ Auxerre,Stade Rennais,,
23. Jornada,2026-02-21,23:00,FC Nantes,Havre AC,,
23. Jornada,2026-02-21,23:00,Toulouse FC,Paris FC,,
23. Jornada,2026-02-21,23:00,OGC Nice,FC Lorient,,
23. Jornada,2026-02-21,23:00,Paris Saint-Germain,FC Metz,,
23. Jornada,2026-02-21,23:00,RC Strasbourg,Olympique Lyonnais,,
23. Jornada,2026-02-21,23:00,RC Lens,AS Monaco,,
23. Jornada,2026-02-21,23:00,Angers SCO,Lille OSC,,
23. Jornada,2026-02-21,23:00,Stade Brestois 29,Olympique Marseille,,
24. Jornada,2026-02-28,23:00,Havre AC,Paris Saint-Germain,,
24. Jornada,2026-02-28,23:00,AS Monaco,Angers SCO,,
24. Jornada,2026-02-28,23:00,FC Lorient,AJ Auxerre,,
24. Jornada,2026-02-28,23:00,FC Metz,Stade Brestois 29,,
24. Jornada,2026-02-28,23:00,Paris FC,OGC Nice,,
24. Jornada,2026-02-28,23:00,Olympique Marseille,Olympique Lyonnais,,
24. Jornada,2026-02-28,23:00,Lille OSC,FC Nantes,,
24. Jornada,2026-02-28,23:00,RC Strasbourg,RC Lens,,
24. Jornada,2026-02-28,23:00,Stade Rennais,Toulouse FC,,
25. Jornada,2026-03-07,23:00,AJ Auxerre,RC Strasbourg,,
25. Jornada,2026-03-07,23:00,FC Nantes,Angers SCO,,
25. Jornada,2026-03-07,23:00,Toulouse FC,Olympique Marseille,,
25. Jornada,2026-03-07,23:00,OGC Nice,Stade Rennais,,
25. Jornada,2026-03-07,23:00,Olympique Lyonnais,Paris FC,,
25. Jornada,2026-03-07,23:00,Lille OSC,FC Lorient,,
25. Jornada,2026-03-07,23:00,Paris Saint-Germain,AS Monaco,,
25. Jornada,2026-03-07,23:00,RC Lens,FC Metz,,
25. Jornada,2026-03-07,23:00,Stade Brestois 29,Havre AC,,
26. Jornada,2026-03-14,23:00,Havre AC,Olympique Lyonnais,,
26. Jornada,2026-03-14,23:00,AS Monaco,Stade Brestois 29,,
26. Jornada,2026-03-14,23:00,FC Lorient,RC Lens,,
26. Jornada,2026-03-14,23:00,FC Metz,Toulouse FC,,
26. Jornada,2026-03-14,23:00,Olympique Marseille,AJ Auxerre,,
26. Jornada,2026-03-14,23:00,Paris Saint-Germain,FC Nantes,,
26. Jornada,2026-03-14,23:00,RC Strasbourg,Paris FC,,
26. Jornada,2026-03-14,23:00,Angers SCO,OGC Nice,,
26. Jornada,2026-03-14,23:00,Stade Rennais,Lille OSC,,
27. Jornada,2026-03-21,23:00,AJ Auxerre,Stade Brestois 29,,
27. Jornada,2026-03-21,23:00,FC Nantes,RC Strasbourg,,
27. Jornada,2026-03-21,23:00,Paris FC,Havre AC,,
27. Jornada,2026-03-21,23:00,Toulouse FC,FC Lorient,,
27. Jornada,2026-03-21,23:00,OGC Nice,Paris Saint-Germain,,
27. Jornada,2026-03-21,23:00,Olympique Lyonnais,AS Monaco,,
27. Jornada,2026-03-21,23:00,Olympique Marseille,Lille OSC,,
27. Jornada,2026-03-21,23:00,RC Lens,Angers SCO,,
27. Jornada,2026-03-21,23:00,Stade Rennais,FC Metz,,
28. Jornada,2026-04-04,22:00,Havre AC,AJ Auxerre,,
28. Jornada,2026-04-04,22:00,AS Monaco,Olympique Marseille,,
28. Jornada,2026-04-04,22:00,FC Lorient,Paris FC,,
28. Jornada,2026-04-04,22:00,FC Metz,FC Nantes,,
28. Jornada,2026-04-04,22:00,Lille OSC,RC Lens,,
28. Jornada,2026-04-04,22:00,Paris Saint-Germain,Toulouse FC,,
28. Jornada,2026-04-04,22:00,RC Strasbourg,OGC Nice,,
28. Jornada,2026-04-04,22:00,Angers SCO,Olympique Lyonnais,,
28. Jornada,2026-04-04,22:00,Stade Brestois 29,Stade Rennais,,
29. Jornada,2026-04-11,22:00,AJ Auxerre,FC Nantes,,
29. Jornada,2026-04-11,22:00,Paris FC,AS Monaco,,
29. Jornada,2026-04-11,22:00,Toulouse FC,Lille OSC,,
29. Jornada,2026-04-11,22:00,OGC Nice,Havre AC,,
29. Jornada,2026-04-11,22:00,Olympique Lyonnais,FC Lorient,,
29. Jornada,2026-04-11,22:00,Olympique Marseille,FC Metz,,
29. Jornada,2026-04-11,22:00,RC Lens,Paris Saint-Germain,,
29. Jornada,2026-04-11,22:00,Stade Brestois 29,RC Strasbourg,,
29. Jornada,2026-04-11,22:00,Stade Rennais,Angers SCO,,
30. Jornada,2026-04-18,22:00,AS Monaco,AJ Auxerre,,
30. Jornada,2026-04-18,22:00,FC Lorient,Olympique Marseille,,
30. Jornada,2026-04-18,22:00,FC Metz,Paris FC,,
30. Jornada,2026-04-18,22:00,FC Nantes,Stade Brestois 29,,
30. Jornada,2026-04-18,22:00,Lille OSC,OGC Nice,,
30. Jornada,2026-04-18,22:00,Paris Saint-Germain,Olympique Lyonnais,,
30. Jornada,2026-04-18,22:00,RC Strasbourg,Stade Rennais,,
30. Jornada,2026-04-18,22:00,RC Lens,Toulouse FC,,
30. Jornada,2026-04-18,22:00,Angers SCO,Havre AC,,
31. Jornada,2026-04-25,22:00,Havre AC,FC Metz,,
31. Jornada,2026-04-25,22:00,FC Lorient,RC Strasbourg,,
31. Jornada,2026-04-25,22:00,Paris FC,Lille OSC,,
31. Jornada,2026-04-25,22:00,Toulouse FC,AS Monaco,,
31. Jornada,2026-04-25,22:00,Olympique Lyonnais,AJ Auxerre,,
31. Jornada,2026-04-25,22:00,Olympique Marseille,OGC Nice,,
31. Jornada,2026-04-25,22:00,Angers SCO,Paris Saint-Germain,,
31. Jornada,2026-04-25,22:00,Stade Brestois 29,RC Lens,,
31. Jornada,2026-04-25,22:00,Stade Rennais,FC Nantes,,
32. Jornada,2026-05-02,22:00,AJ Auxerre,Angers SCO,,
32. Jornada,2026-05-02,22:00,FC Metz,AS Monaco,,
32. Jornada,2026-05-02,22:00,FC Nantes,Olympique Marseille,,
32. Jornada,2026-05-02,22:00,Paris FC,Stade Brestois 29,,
32. Jornada,2026-05-02,22:00,OGC Nice,RC Lens,,
32. Jornada,2026-05-02,22:00,Olympique Lyonnais,Stade Rennais,,
32. Jornada,2026-05-02,22:00,Lille OSC,Havre AC,,
32. Jornada,2026-05-02,22:00,Paris Saint-Germain,FC Lorient,,
32. Jornada,2026-05-02,22:00,RC Strasbourg,Toulouse FC,,
33. Jornada,2026-05-08,22:00,Havre AC,Olympique Marseille,,
33. Jornada,2026-05-08,22:00,AJ Auxerre,OGC Nice,,
33. Jornada,2026-05-08,22:00,AS Monaco,Lille OSC,,
33. Jornada,2026-05-08,22:00,FC Metz,FC Lorient,,
33. Jornada,2026-05-08,22:00,Toulouse FC,Olympique Lyonnais,,
33. Jornada,2026-05-08,22:00,Paris Saint-Germain,Stade Brestois 29,,
33. Jornada,2026-05-08,22:00,RC Lens,FC Nantes,,
33. Jornada,2026-05-08,22:00,Angers SCO,RC Strasbourg,,
33. Jornada,2026-05-08,22:00,Stade Rennais,Paris FC,,
34. Jornada,2026-05-15,22:00,FC Lorient,Havre AC,,
34. Jornada,2026-05-15,22:00,FC Nantes,Toulouse FC,,
34. Jornada,2026-05-15,22:00,Paris FC,Paris Saint-Germain,,
34. Jornada,2026-05-15,22:00,OGC Nice,FC Metz,,
34. Jornada,2026-05-15,22:00,Olympique Lyonnais,RC Lens,,
34. Jornada,2026-05-15,22:00,Olympique Marseille,Stade Rennais,,
34. Jornada,2026-05-15,22:00,Lille OSC,AJ Auxerre,,
34. Jornada,2026-05-15,22:00,RC Strasbourg,AS Monaco,,
34. Jornada,2026-05-15,22:00,Stade Brestois 29,Angers SCO,,
