Jornada,Fecha,Hora,Local,Visita,GA,GC
1. Jornada,2025-08-15,19:30,Burgos CF,Cultural Leonesa,5,1
1. Jornada,2025-08-15,19:30,Real Valladolid,AD Ceuta FC,3,0
1. Jornada,2025-08-16,15:00,Racing Santander,CD Castellón,3,1
1. Jornada,2025-08-16,17:30,Málaga CF,SD Eibar,1,1
1. Jornada,2025-08-16,19:30,Granada CF,Deportivo La Coruña,1,3
1. Jornada,2025-08-17,15:00,Real Sociedad B,Real Zaragoza,1,0
1. Jornada,2025-08-17,17:30,Cádiz CF,CD Mirandés,1,0
1. Jornada,2025-08-17,19:30,SD Huesca,CD Leganés,1,1
1. Jornada,2025-08-17,19:30,UD Las Palmas,FC Andorra,1,1
1. Jornada,2025-08-18,17:00,Sporting Gijón,Córdoba CF,2,1
1. Jornada,2025-08-18,19:30,UD Almería,Albacete,4,4
2. Jornada,2025-08-22,17:30,SD Eibar,Granada CF,3,0
2. Jornada,2025-08-22,19:30,CD Castellón,Real Valladolid,0,1
2. Jornada,2025-08-22,19:30,CD Leganés,Cádiz CF,1,1
2. Jornada,2025-08-23,15:00,CD Mirandés,SD Huesca,0,1
2. Jornada,2025-08-23,17:00,AD Ceuta FC,Sporting Gijón,0,1
2. Jornada,2025-08-23,19:30,Real Zaragoza,FC Andorra,1,3
2. Jornada,2025-08-24,15:00,Deportivo La Coruña,Burgos CF,0,0
2. Jornada,2025-08-24,17:30,Cultural Leonesa,UD Almería,0,1
2. Jornada,2025-08-24,19:30,Málaga CF,Real Sociedad B,1,0
2. Jornada,2025-08-25,17:30,Albacete,Racing Santander,2,3
2. Jornada,2025-08-25,19:30,Córdoba CF,UD Las Palmas,1,3
3. Jornada,2025-08-29,17:30,Real Sociedad B,UD Almería,2,2
3. Jornada,2025-08-29,19:30,Sporting Gijón,Cultural Leonesa,1,0
3. Jornada,2025-08-30,15:00,Racing Santander,AD Ceuta FC,4,1
3. Jornada,2025-08-30,17:00,Real Valladolid,Córdoba CF,0,0
3. Jornada,2025-08-30,19:30,CD Castellón,Real Zaragoza,1,1
3. Jornada,2025-08-31,15:00,FC Andorra,Burgos CF,2,1
3. Jornada,2025-08-31,15:00,Cádiz CF,Albacete,2,1
3. Jornada,2025-08-31,17:30,UD Las Palmas,Málaga CF,0,1
3. Jornada,2025-08-31,19:30,Granada CF,CD Mirandés,1,2
3. Jornada,2025-09-01,17:30,SD Huesca,SD Eibar,2,1
3. Jornada,2025-09-01,19:30,CD Leganés,Deportivo La Coruña,2,2
4. Jornada,2025-09-05,17:30,Albacete,CD Mirandés,1,4
4. Jornada,2025-09-05,19:30,Córdoba CF,CD Castellón,2,1
4. Jornada,2025-09-06,14:15,Deportivo La Coruña,Sporting Gijón,1,0
4. Jornada,2025-09-06,16:30,Real Zaragoza,Real Valladolid,1,1
4. Jornada,2025-09-06,19:00,Málaga CF,Granada CF,2,2
4. Jornada,2025-09-07,12:00,AD Ceuta FC,SD Huesca,2,1
4. Jornada,2025-09-07,14:15,Burgos CF,UD Las Palmas,0,0
4. Jornada,2025-09-07,14:15,Real Sociedad B,Cádiz CF,3,3
4. Jornada,2025-09-07,16:30,UD Almería,Racing Santander,2,3
4. Jornada,2025-09-07,16:30,Cultural Leonesa,CD Leganés,0,0
4. Jornada,2025-09-08,18:30,SD Eibar,FC Andorra,2,0
5. Jornada,2025-09-12,18:30,UD Las Palmas,Real Sociedad B,2,1
5. Jornada,2025-09-13,14:15,Cádiz CF,SD Eibar,1,0
5. Jornada,2025-09-13,14:15,CD Mirandés,Deportivo La Coruña,1,5
5. Jornada,2025-09-13,16:30,SD Huesca,Málaga CF,1,0
5. Jornada,2025-09-13,19:00,Real Valladolid,UD Almería,3,1
5. Jornada,2025-09-14,12:00,FC Andorra,Córdoba CF,3,1
5. Jornada,2025-09-14,14:15,Racing Santander,Cultural Leonesa,2,4
5. Jornada,2025-09-14,16:30,CD Castellón,AD Ceuta FC,3,3
5. Jornada,2025-09-14,16:30,Sporting Gijón,Burgos CF,2,3
5. Jornada,2025-09-14,19:00,Granada CF,CD Leganés,0,2
5. Jornada,2025-09-15,18:30,Real Zaragoza,Albacete,0,0
6. Jornada,2025-09-19,18:30,Deportivo La Coruña,SD Huesca,4,0
6. Jornada,2025-09-20,14:15,Cultural Leonesa,CD Castellón,1,3
6. Jornada,2025-09-20,16:30,CD Leganés,UD Las Palmas,0,1
6. Jornada,2025-09-20,16:30,FC Andorra,CD Mirandés,1,1
6. Jornada,2025-09-20,19:00,UD Almería,Sporting Gijón,2,1
6. Jornada,2025-09-21,12:00,AD Ceuta FC,Real Zaragoza,1,0
6. Jornada,2025-09-21,14:15,Albacete,Real Valladolid,2,0
6. Jornada,2025-09-21,16:30,SD Eibar,Real Sociedad B,2,1
6. Jornada,2025-09-21,16:30,Málaga CF,Cádiz CF,0,1
6. Jornada,2025-09-21,19:00,Córdoba CF,Racing Santander,2,2
6. Jornada,2025-09-22,18:30,Burgos CF,Granada CF,1,1
7. Jornada,2025-09-26,18:30,CD Mirandés,Real Zaragoza,0,1
7. Jornada,2025-09-27,16:30,SD Eibar,Deportivo La Coruña,1,1
7. Jornada,2025-09-27,16:30,Racing Santander,FC Andorra,1,2
7. Jornada,2025-09-27,19:00,UD Las Palmas,UD Almería,0,1
7. Jornada,2025-09-28,12:00,Real Sociedad B,Córdoba CF,1,1
7. Jornada,2025-09-28,14:15,Burgos CF,Málaga CF,2,1
7. Jornada,2025-09-28,14:15,Cádiz CF,AD Ceuta FC,0,0
7. Jornada,2025-09-28,16:30,Sporting Gijón,Albacete,3,4
7. Jornada,2025-09-28,16:30,Real Valladolid,Cultural Leonesa,0,1
7. Jornada,2025-09-28,19:00,SD Huesca,Granada CF,0,1
7. Jornada,2025-09-29,18:30,CD Leganés,CD Castellón,0,1
8. Jornada,2025-10-03,18:30,AD Ceuta FC,SD Eibar,1,0
8. Jornada,2025-10-04,14:15,Deportivo La Coruña,UD Almería,1,1
8. Jornada,2025-10-04,16:30,FC Andorra,CD Leganés,1,2
8. Jornada,2025-10-04,16:30,SD Huesca,Burgos CF,2,1
8. Jornada,2025-10-04,19:00,Granada CF,Real Sociedad B,5,2
8. Jornada,2025-10-05,12:00,Real Zaragoza,Córdoba CF,0,1
8. Jornada,2025-10-05,14:15,CD Castellón,Sporting Gijón,3,1
8. Jornada,2025-10-05,16:30,Racing Santander,Málaga CF,3,0
8. Jornada,2025-10-05,16:30,Real Valladolid,CD Mirandés,1,1
8. Jornada,2025-10-05,19:00,UD Las Palmas,Cádiz CF,1,0
8. Jornada,2025-10-06,18:30,Cultural Leonesa,Albacete,0,0
9. Jornada,2025-10-10,18:30,Granada CF,UD Las Palmas,0,0
9. Jornada,2025-10-11,14:15,CD Mirandés,CD Leganés,0,0
9. Jornada,2025-10-11,16:30,UD Almería,Real Zaragoza,4,2
9. Jornada,2025-10-11,16:30,Real Sociedad B,FC Andorra,3,0
9. Jornada,2025-10-12,12:00,Albacete,AD Ceuta FC,0,0
9. Jornada,2025-10-12,14:15,SD Eibar,CD Castellón,0,0
9. Jornada,2025-10-12,14:15,Sporting Gijón,Racing Santander,2,1
9. Jornada,2025-10-12,16:30,Burgos CF,Real Valladolid,0,1
9. Jornada,2025-10-12,16:30,Cádiz CF,SD Huesca,1,0
9. Jornada,2025-10-12,19:00,Málaga CF,Deportivo La Coruña,3,0
9. Jornada,2025-10-13,18:30,Córdoba CF,Cultural Leonesa,1,0
10. Jornada,2025-10-17,18:30,FC Andorra,Granada CF,0,0
10. Jornada,2025-10-18,14:15,AD Ceuta FC,CD Mirandés,2,0
10. Jornada,2025-10-18,16:30,Real Zaragoza,Cultural Leonesa,0,5
10. Jornada,2025-10-19,12:00,CD Leganés,Málaga CF,2,0
10. Jornada,2025-10-19,14:15,CD Castellón,Albacete,0,1
10. Jornada,2025-10-19,14:15,Real Valladolid,Sporting Gijón,2,3
10. Jornada,2025-10-19,16:30,Racing Santander,Deportivo La Coruña,2,1
10. Jornada,2025-10-19,16:30,Córdoba CF,UD Almería,1,1
10. Jornada,2025-10-19,19:00,UD Las Palmas,SD Eibar,3,1
10. Jornada,2025-10-20,18:30,Cádiz CF,Burgos CF,1,3
10. Jornada,2025-11-05,19:00,Real Sociedad B,SD Huesca,2,0
11. Jornada,2025-10-24,18:30,SD Huesca,UD Las Palmas,1,1
11. Jornada,2025-10-25,12:00,Cultural Leonesa,AD Ceuta FC,0,1
11. Jornada,2025-10-25,14:15,Albacete,Córdoba CF,1,3
11. Jornada,2025-10-25,14:15,SD Eibar,CD Leganés,0,0
11. Jornada,2025-10-25,16:30,Burgos CF,Real Sociedad B,1,0
11. Jornada,2025-10-25,16:30,Granada CF,Cádiz CF,0,0
11. Jornada,2025-10-25,19:00,CD Mirandés,Racing Santander,1,3
11. Jornada,2025-10-26,13:00,Málaga CF,FC Andorra,4,1
11. Jornada,2025-10-26,17:30,Sporting Gijón,Real Zaragoza,1,0
11. Jornada,2025-10-26,17:30,UD Almería,CD Castellón,1,0
11. Jornada,2025-10-26,20:00,Deportivo La Coruña,Real Valladolid,1,1
12. Jornada,2025-10-31,19:30,Racing Santander,Real Sociedad B,1,0
12. Jornada,2025-11-01,15:15,Cultural Leonesa,CD Mirandés,3,2
12. Jornada,2025-11-01,17:30,Albacete,SD Huesca,2,1
12. Jornada,2025-11-01,17:30,CD Leganés,Burgos CF,1,2
12. Jornada,2025-11-01,20:00,UD Almería,SD Eibar,3,1
12. Jornada,2025-11-02,13:00,FC Andorra,Cádiz CF,0,0
12. Jornada,2025-11-02,15:15,Córdoba CF,AD Ceuta FC,2,0
12. Jornada,2025-11-02,15:15,Sporting Gijón,UD Las Palmas,0,0
12. Jornada,2025-11-02,17:30,CD Castellón,Málaga CF,2,1
12. Jornada,2025-11-02,20:00,Real Zaragoza,Deportivo La Coruña,0,2
12. Jornada,2025-11-03,19:30,Real Valladolid,Granada CF,2,1
13. Jornada,2025-11-07,19:30,CD Mirandés,Sporting Gijón,2,1
13. Jornada,2025-11-08,13:00,Real Sociedad B,CD Leganés,2,1
13. Jornada,2025-11-08,15:15,SD Eibar,Albacete,3,2
13. Jornada,2025-11-08,15:15,SD Huesca,FC Andorra,2,2
13. Jornada,2025-11-08,17:30,Deportivo La Coruña,Cultural Leonesa,3,0
13. Jornada,2025-11-08,20:00,Málaga CF,Córdoba CF,2,2
13. Jornada,2025-11-09,13:00,UD Las Palmas,Racing Santander,3,1
13. Jornada,2025-11-09,17:30,Granada CF,Real Zaragoza,3,1
13. Jornada,2025-11-09,20:00,Cádiz CF,Real Valladolid,0,0
13. Jornada,2025-11-10,19:30,Burgos CF,CD Castellón,0,0
13. Jornada,2025-11-26,18:00,AD Ceuta FC,UD Almería,3,2
14. Jornada,2025-11-14,19:30,Real Valladolid,UD Las Palmas,0,1
14. Jornada,2025-11-15,15:00,Albacete,FC Andorra,1,0
14. Jornada,2025-11-15,15:00,CD Castellón,Real Sociedad B,5,4
14. Jornada,2025-11-15,20:00,Racing Santander,Granada CF,2,2
14. Jornada,2025-11-16,13:00,AD Ceuta FC,CD Leganés,1,2
14. Jornada,2025-11-16,15:15,UD Almería,Cádiz CF,3,0
14. Jornada,2025-11-16,15:15,Sporting Gijón,SD Eibar,1,1
14. Jornada,2025-11-16,17:30,Córdoba CF,Deportivo La Coruña,1,3
14. Jornada,2025-11-16,17:30,CD Mirandés,Burgos CF,0,2
14. Jornada,2025-11-16,20:00,Real Zaragoza,SD Huesca,1,0
14. Jornada,2025-11-17,19:30,Cultural Leonesa,Málaga CF,1,0
15. Jornada,2025-11-21,19:30,UD Las Palmas,Albacete,2,1
15. Jornada,2025-11-22,15:15,FC Andorra,CD Castellón,1,3
15. Jornada,2025-11-22,17:30,SD Eibar,Real Zaragoza,1,2
15. Jornada,2025-11-22,17:30,CD Leganés,UD Almería,0,3
15. Jornada,2025-11-22,20:00,Granada CF,Córdoba CF,1,1
15. Jornada,2025-11-23,13:00,Deportivo La Coruña,AD Ceuta FC,2,1
15. Jornada,2025-11-23,15:15,Cádiz CF,Cultural Leonesa,1,2
15. Jornada,2025-11-23,15:15,SD Huesca,Sporting Gijón,2,0
15. Jornada,2025-11-23,17:30,Burgos CF,Racing Santander,0,2
15. Jornada,2025-11-23,20:00,Málaga CF,CD Mirandés,3,2
15. Jornada,2025-11-24,19:30,Real Sociedad B,Real Valladolid,1,0
16. Jornada,2025-11-28,19:30,Sporting Gijón,FC Andorra,1,1
16. Jornada,2025-11-29,13:00,AD Ceuta FC,Burgos CF,1,0
16. Jornada,2025-11-29,15:15,Cultural Leonesa,Granada CF,0,1
16. Jornada,2025-11-29,17:30,Albacete,Deportivo La Coruña,0,2
16. Jornada,2025-11-29,17:30,UD Almería,SD Huesca,0,0
16. Jornada,2025-11-29,20:00,Real Valladolid,Málaga CF,1,1
16. Jornada,2025-11-30,13:00,Real Zaragoza,CD Leganés,1,1
16. Jornada,2025-11-30,15:15,Racing Santander,SD Eibar,,
16. Jornada,2025-11-30,17:30,CD Mirandés,Real Sociedad B,,
16. Jornada,2025-11-30,17:30,Córdoba CF,Cádiz CF,,
16. Jornada,2025-11-30,20:00,CD Castellón,UD Las Palmas,,
17. Jornada,2025-12-06,13:00,FC Andorra,UD Almería,,
17. Jornada,2025-12-06,15:15,SD Huesca,Real Valladolid,,
17. Jornada,2025-12-06,17:30,Real Sociedad B,Sporting Gijón,,
17. Jornada,2025-12-07,13:00,Cádiz CF,Racing Santander,,
17. Jornada,2025-12-07,15:15,CD Leganés,Córdoba CF,,
17. Jornada,2025-12-07,17:30,SD Eibar,Cultural Leonesa,,
17. Jornada,2025-12-07,17:30,Deportivo La Coruña,CD Castellón,,
17. Jornada,2025-12-07,20:00,Granada CF,AD Ceuta FC,,
17. Jornada,2025-12-08,15:15,Burgos CF,Albacete,,
17. Jornada,2025-12-08,17:30,UD Las Palmas,CD Mirandés,,
17. Jornada,2025-12-08,19:30,Málaga CF,Real Zaragoza,,
18. Jornada,2025-12-12,19:30,Cultural Leonesa,SD Huesca,,
18. Jornada,2025-12-13,13:00,Córdoba CF,SD Eibar,,
18. Jornada,2025-12-13,15:15,Sporting Gijón,Granada CF,,
18. Jornada,2025-12-13,15:15,Real Valladolid,FC Andorra,,
18. Jornada,2025-12-13,17:30,Racing Santander,CD Leganés,,
18. Jornada,2025-12-13,20:00,Real Zaragoza,Cádiz CF,,
18. Jornada,2025-12-14,13:00,Deportivo La Coruña,Real Sociedad B,,
18. Jornada,2025-12-14,15:15,Albacete,Málaga CF,,
18. Jornada,2025-12-14,17:30,UD Almería,Burgos CF,,
18. Jornada,2025-12-14,20:00,AD Ceuta FC,UD Las Palmas,,
18. Jornada,2025-12-15,19:30,CD Castellón,CD Mirandés,,
19. Jornada,2025-12-19,19:30,SD Eibar,Real Valladolid,,
19. Jornada,2025-12-20,13:00,FC Andorra,Deportivo La Coruña,,
19. Jornada,2025-12-20,15:15,SD Huesca,Racing Santander,,
19. Jornada,2025-12-20,17:30,CD Leganés,Sporting Gijón,,
19. Jornada,2025-12-20,20:00,UD Las Palmas,Cultural Leonesa,,
19. Jornada,2025-12-21,13:00,Málaga CF,UD Almería,,
19. Jornada,2025-12-21,15:15,Real Sociedad B,AD Ceuta FC,,
19. Jornada,2025-12-21,15:15,CD Mirandés,Córdoba CF,,
19. Jornada,2025-12-21,17:30,Burgos CF,Real Zaragoza,,
19. Jornada,2025-12-21,17:30,Granada CF,Albacete,,
19. Jornada,2025-12-21,20:00,Cádiz CF,CD Castellón,,
20. Jornada,2026-01-03,23:00,Albacete,CD Leganés,,
20. Jornada,2026-01-03,23:00,CD Castellón,SD Huesca,,
20. Jornada,2026-01-03,23:00,SD Eibar,CD Mirandés,,
20. Jornada,2026-01-03,23:00,Cultural Leonesa,Real Sociedad B,,
20. Jornada,2026-01-03,23:00,UD Almería,Granada CF,,
20. Jornada,2026-01-03,23:00,Córdoba CF,Burgos CF,,
20. Jornada,2026-01-03,23:00,Deportivo La Coruña,Cádiz CF,,
20. Jornada,2026-01-03,23:00,Real Zaragoza,UD Las Palmas,,
20. Jornada,2026-01-03,23:00,Sporting Gijón,Málaga CF,,
20. Jornada,2026-01-03,23:00,Real Valladolid,Racing Santander,,
20. Jornada,2026-01-03,23:00,AD Ceuta FC,FC Andorra,,
21. Jornada,2026-01-10,23:00,Burgos CF,SD Eibar,,
21. Jornada,2026-01-10,23:00,Cádiz CF,Sporting Gijón,,
21. Jornada,2026-01-10,23:00,CD Leganés,Real Valladolid,,
21. Jornada,2026-01-10,23:00,Racing Santander,Real Zaragoza,,
21. Jornada,2026-01-10,23:00,FC Andorra,Cultural Leonesa,,
21. Jornada,2026-01-10,23:00,Real Sociedad B,Albacete,,
21. Jornada,2026-01-10,23:00,Granada CF,CD Castellón,,
21. Jornada,2026-01-10,23:00,Málaga CF,AD Ceuta FC,,
21. Jornada,2026-01-10,23:00,SD Huesca,Córdoba CF,,
21. Jornada,2026-01-10,23:00,UD Las Palmas,Deportivo La Coruña,,
21. Jornada,2026-01-10,23:00,CD Mirandés,UD Almería,,
22. Jornada,2026-01-17,23:00,Albacete,Cádiz CF,,
22. Jornada,2026-01-17,23:00,Burgos CF,SD Huesca,,
22. Jornada,2026-01-17,23:00,CD Castellón,CD Leganés,,
22. Jornada,2026-01-17,23:00,AD Ceuta FC,Real Valladolid,,
22. Jornada,2026-01-17,23:00,Córdoba CF,Málaga CF,,
22. Jornada,2026-01-17,23:00,Cultural Leonesa,Sporting Gijón,,
22. Jornada,2026-01-17,23:00,UD Almería,Deportivo La Coruña,,
22. Jornada,2026-01-17,23:00,Granada CF,SD Eibar,,
22. Jornada,2026-01-17,23:00,Racing Santander,UD Las Palmas,,
22. Jornada,2026-01-17,23:00,CD Mirandés,FC Andorra,,
22. Jornada,2026-01-17,23:00,Real Zaragoza,Real Sociedad B,,
23. Jornada,2026-01-24,23:00,Cádiz CF,Granada CF,,
23. Jornada,2026-01-24,23:00,AD Ceuta FC,Cultural Leonesa,,
23. Jornada,2026-01-24,23:00,Deportivo La Coruña,Racing Santander,,
23. Jornada,2026-01-24,23:00,CD Leganés,Real Sociedad B,,
23. Jornada,2026-01-24,23:00,FC Andorra,SD Huesca,,
23. Jornada,2026-01-24,23:00,Real Valladolid,Albacete,,
23. Jornada,2026-01-24,23:00,Málaga CF,Burgos CF,,
23. Jornada,2026-01-24,23:00,Real Zaragoza,CD Castellón,,
23. Jornada,2026-01-24,23:00,UD Las Palmas,Córdoba CF,,
23. Jornada,2026-01-24,23:00,SD Eibar,UD Almería,,
23. Jornada,2026-01-24,23:00,Sporting Gijón,CD Mirandés,,
24. Jornada,2026-01-31,23:00,Albacete,Real Zaragoza,,
24. Jornada,2026-01-31,23:00,Burgos CF,CD Leganés,,
24. Jornada,2026-01-31,23:00,Córdoba CF,Real Valladolid,,
24. Jornada,2026-01-31,23:00,SD Eibar,Sporting Gijón,,
24. Jornada,2026-01-31,23:00,Granada CF,Racing Santander,,
24. Jornada,2026-01-31,23:00,UD Almería,AD Ceuta FC,,
24. Jornada,2026-01-31,23:00,SD Huesca,Cádiz CF,,
24. Jornada,2026-01-31,23:00,Cultural Leonesa,Deportivo La Coruña,,
24. Jornada,2026-01-31,23:00,Real Sociedad B,UD Las Palmas,,
24. Jornada,2026-01-31,23:00,CD Mirandés,Málaga CF,,
24. Jornada,2026-01-31,23:00,CD Castellón,FC Andorra,,
25. Jornada,2026-02-07,23:00,AD Ceuta FC,Córdoba CF,,
25. Jornada,2026-02-07,23:00,FC Andorra,Real Sociedad B,,
25. Jornada,2026-02-07,23:00,Deportivo La Coruña,Albacete,,
25. Jornada,2026-02-07,23:00,UD Las Palmas,Burgos CF,,
25. Jornada,2026-02-07,23:00,Real Valladolid,CD Castellón,,
25. Jornada,2026-02-07,23:00,Real Zaragoza,SD Eibar,,
25. Jornada,2026-02-07,23:00,CD Leganés,Granada CF,,
25. Jornada,2026-02-07,23:00,Sporting Gijón,SD Huesca,,
25. Jornada,2026-02-07,23:00,Málaga CF,Cultural Leonesa,,
25. Jornada,2026-02-07,23:00,Cádiz CF,UD Almería,,
25. Jornada,2026-02-07,23:00,Racing Santander,CD Mirandés,,
26. Jornada,2026-02-14,23:00,Albacete,Sporting Gijón,,
26. Jornada,2026-02-14,23:00,Burgos CF,Cádiz CF,,
26. Jornada,2026-02-14,23:00,CD Castellón,Deportivo La Coruña,,
26. Jornada,2026-02-14,23:00,Córdoba CF,CD Leganés,,
26. Jornada,2026-02-14,23:00,SD Eibar,Racing Santander,,
26. Jornada,2026-02-14,23:00,Granada CF,Real Valladolid,,
26. Jornada,2026-02-14,23:00,Cultural Leonesa,Real Zaragoza,,
26. Jornada,2026-02-14,23:00,UD Almería,FC Andorra,,
26. Jornada,2026-02-14,23:00,SD Huesca,AD Ceuta FC,,
26. Jornada,2026-02-14,23:00,CD Mirandés,UD Las Palmas,,
26. Jornada,2026-02-14,23:00,Real Sociedad B,Málaga CF,,
27. Jornada,2026-02-21,23:00,Cádiz CF,Real Sociedad B,,
27. Jornada,2026-02-21,23:00,AD Ceuta FC,Granada CF,,
27. Jornada,2026-02-21,23:00,Deportivo La Coruña,SD Eibar,,
27. Jornada,2026-02-21,23:00,SD Huesca,CD Mirandés,,
27. Jornada,2026-02-21,23:00,CD Leganés,Cultural Leonesa,,
27. Jornada,2026-02-21,23:00,Sporting Gijón,Real Valladolid,,
27. Jornada,2026-02-21,23:00,UD Almería,Córdoba CF,,
27. Jornada,2026-02-21,23:00,FC Andorra,Real Zaragoza,,
27. Jornada,2026-02-21,23:00,Málaga CF,Albacete,,
27. Jornada,2026-02-21,23:00,Racing Santander,Burgos CF,,
27. Jornada,2026-02-21,23:00,UD Las Palmas,CD Castellón,,
28. Jornada,2026-02-28,23:00,Albacete,UD Almería,,
28. Jornada,2026-02-28,23:00,CD Castellón,Racing Santander,,
28. Jornada,2026-02-28,23:00,Granada CF,Málaga CF,,
28. Jornada,2026-02-28,23:00,Cultural Leonesa,UD Las Palmas,,
28. Jornada,2026-02-28,23:00,Real Zaragoza,Burgos CF,,
28. Jornada,2026-02-28,23:00,SD Eibar,Cádiz CF,,
28. Jornada,2026-02-28,23:00,CD Mirandés,AD Ceuta FC,,
28. Jornada,2026-02-28,23:00,Real Sociedad B,Deportivo La Coruña,,
28. Jornada,2026-02-28,23:00,Real Valladolid,SD Huesca,,
28. Jornada,2026-02-28,23:00,Sporting Gijón,CD Leganés,,
28. Jornada,2026-02-28,23:00,Córdoba CF,FC Andorra,,
29. Jornada,2026-03-07,23:00,Burgos CF,CD Mirandés,,
29. Jornada,2026-03-07,23:00,Cádiz CF,Real Zaragoza,,
29. Jornada,2026-03-07,23:00,Deportivo La Coruña,Granada CF,,
29. Jornada,2026-03-07,23:00,Málaga CF,Real Valladolid,,
29. Jornada,2026-03-07,23:00,UD Almería,Cultural Leonesa,,
29. Jornada,2026-03-07,23:00,FC Andorra,Sporting Gijón,,
29. Jornada,2026-03-07,23:00,SD Huesca,Albacete,,
29. Jornada,2026-03-07,23:00,Real Sociedad B,CD Castellón,,
29. Jornada,2026-03-07,23:00,UD Las Palmas,AD Ceuta FC,,
29. Jornada,2026-03-07,23:00,Racing Santander,Córdoba CF,,
29. Jornada,2026-03-07,23:00,CD Leganés,SD Eibar,,
30. Jornada,2026-03-14,23:00,Albacete,UD Las Palmas,,
30. Jornada,2026-03-14,23:00,AD Ceuta FC,Deportivo La Coruña,,
30. Jornada,2026-03-14,23:00,Córdoba CF,Real Sociedad B,,
30. Jornada,2026-03-14,23:00,Cultural Leonesa,Racing Santander,,
30. Jornada,2026-03-14,23:00,SD Eibar,Burgos CF,,
30. Jornada,2026-03-14,23:00,CD Mirandés,Cádiz CF,,
30. Jornada,2026-03-14,23:00,Sporting Gijón,CD Castellón,,
30. Jornada,2026-03-14,23:00,Málaga CF,SD Huesca,,
30. Jornada,2026-03-14,23:00,Real Valladolid,CD Leganés,,
30. Jornada,2026-03-14,23:00,Real Zaragoza,UD Almería,,
30. Jornada,2026-03-14,23:00,Granada CF,FC Andorra,,
31. Jornada,2026-03-21,23:00,Burgos CF,Córdoba CF,,
31. Jornada,2026-03-21,23:00,Cádiz CF,Málaga CF,,
31. Jornada,2026-03-21,23:00,CD Castellón,Cultural Leonesa,,
31. Jornada,2026-03-21,23:00,Deportivo La Coruña,Real Zaragoza,,
31. Jornada,2026-03-21,23:00,UD Las Palmas,Sporting Gijón,,
31. Jornada,2026-03-21,23:00,CD Mirandés,Real Valladolid,,
31. Jornada,2026-03-21,23:00,FC Andorra,SD Eibar,,
31. Jornada,2026-03-21,23:00,Racing Santander,Albacete,,
31. Jornada,2026-03-21,23:00,CD Leganés,AD Ceuta FC,,
31. Jornada,2026-03-21,23:00,Real Sociedad B,Granada CF,,
31. Jornada,2026-03-21,23:00,SD Huesca,UD Almería,,
32. Jornada,2026-03-28,23:00,Albacete,CD Castellón,,
32. Jornada,2026-03-28,23:00,Córdoba CF,CD Mirandés,,
32. Jornada,2026-03-28,23:00,SD Eibar,UD Las Palmas,,
32. Jornada,2026-03-28,23:00,Granada CF,SD Huesca,,
32. Jornada,2026-03-28,23:00,UD Almería,Real Sociedad B,,
32. Jornada,2026-03-28,23:00,Real Valladolid,Burgos CF,,
32. Jornada,2026-03-28,23:00,AD Ceuta FC,Cádiz CF,,
32. Jornada,2026-03-28,23:00,Sporting Gijón,Deportivo La Coruña,,
32. Jornada,2026-03-28,23:00,Málaga CF,CD Leganés,,
32. Jornada,2026-03-28,23:00,Real Zaragoza,Racing Santander,,
32. Jornada,2026-03-28,23:00,Cultural Leonesa,FC Andorra,,
33. Jornada,2026-03-31,22:00,Burgos CF,AD Ceuta FC,,
33. Jornada,2026-03-31,22:00,SD Huesca,Cultural Leonesa,,
33. Jornada,2026-03-31,22:00,CD Leganés,Real Zaragoza,,
33. Jornada,2026-03-31,22:00,Racing Santander,Sporting Gijón,,
33. Jornada,2026-03-31,22:00,FC Andorra,Málaga CF,,
33. Jornada,2026-03-31,22:00,CD Mirandés,Albacete,,
33. Jornada,2026-03-31,22:00,Real Valladolid,Cádiz CF,,
33. Jornada,2026-03-31,22:00,Deportivo La Coruña,Córdoba CF,,
33. Jornada,2026-03-31,22:00,Real Sociedad B,SD Eibar,,
33. Jornada,2026-03-31,22:00,UD Las Palmas,Granada CF,,
33. Jornada,2026-03-31,22:00,CD Castellón,UD Almería,,
34. Jornada,2026-04-04,22:00,Albacete,Burgos CF,,
34. Jornada,2026-04-04,22:00,Cádiz CF,Córdoba CF,,
34. Jornada,2026-04-04,22:00,CD Castellón,Granada CF,,
34. Jornada,2026-04-04,22:00,Deportivo La Coruña,Málaga CF,,
34. Jornada,2026-04-04,22:00,Cultural Leonesa,Real Valladolid,,
34. Jornada,2026-04-04,22:00,UD Almería,CD Leganés,,
34. Jornada,2026-04-04,22:00,FC Andorra,Racing Santander,,
34. Jornada,2026-04-04,22:00,SD Eibar,AD Ceuta FC,,
34. Jornada,2026-04-04,22:00,UD Las Palmas,SD Huesca,,
34. Jornada,2026-04-04,22:00,Real Zaragoza,CD Mirandés,,
34. Jornada,2026-04-04,22:00,Sporting Gijón,Real Sociedad B,,
35. Jornada,2026-04-11,22:00,Burgos CF,Sporting Gijón,,
35. Jornada,2026-04-11,22:00,AD Ceuta FC,Real Sociedad B,,
35. Jornada,2026-04-11,22:00,Córdoba CF,Real Zaragoza,,
35. Jornada,2026-04-11,22:00,Granada CF,Cultural Leonesa,,
35. Jornada,2026-04-11,22:00,CD Leganés,Albacete,,
35. Jornada,2026-04-11,22:00,CD Mirandés,CD Castellón,,
35. Jornada,2026-04-11,22:00,SD Huesca,Deportivo La Coruña,,
35. Jornada,2026-04-11,22:00,Real Valladolid,SD Eibar,,
35. Jornada,2026-04-11,22:00,Málaga CF,UD Las Palmas,,
35. Jornada,2026-04-11,22:00,Racing Santander,UD Almería,,
35. Jornada,2026-04-11,22:00,Cádiz CF,FC Andorra,,
36. Jornada,2026-04-18,22:00,Albacete,Granada CF,,
36. Jornada,2026-04-18,22:00,Deportivo La Coruña,CD Mirandés,,
36. Jornada,2026-04-18,22:00,SD Eibar,SD Huesca,,
36. Jornada,2026-04-18,22:00,UD Almería,Málaga CF,,
36. Jornada,2026-04-18,22:00,FC Andorra,Real Valladolid,,
36. Jornada,2026-04-18,22:00,CD Castellón,Burgos CF,,
36. Jornada,2026-04-18,22:00,Sporting Gijón,Cádiz CF,,
36. Jornada,2026-04-18,22:00,Real Zaragoza,AD Ceuta FC,,
36. Jornada,2026-04-18,22:00,Cultural Leonesa,Córdoba CF,,
36. Jornada,2026-04-18,22:00,UD Las Palmas,CD Leganés,,
36. Jornada,2026-04-18,22:00,Real Sociedad B,Racing Santander,,
37. Jornada,2026-04-25,22:00,Albacete,SD Eibar,,
37. Jornada,2026-04-25,22:00,Burgos CF,Deportivo La Coruña,,
37. Jornada,2026-04-25,22:00,Cádiz CF,UD Las Palmas,,
37. Jornada,2026-04-25,22:00,AD Ceuta FC,Racing Santander,,
37. Jornada,2026-04-25,22:00,Córdoba CF,Sporting Gijón,,
37. Jornada,2026-04-25,22:00,SD Huesca,Real Zaragoza,,
37. Jornada,2026-04-25,22:00,Málaga CF,CD Castellón,,
37. Jornada,2026-04-25,22:00,CD Mirandés,Cultural Leonesa,,
37. Jornada,2026-04-25,22:00,Granada CF,UD Almería,,
37. Jornada,2026-04-25,22:00,CD Leganés,FC Andorra,,
37. Jornada,2026-04-25,22:00,Real Valladolid,Real Sociedad B,,
38. Jornada,2026-05-02,22:00,CD Castellón,Córdoba CF,,
38. Jornada,2026-05-02,22:00,Deportivo La Coruña,CD Leganés,,
38. Jornada,2026-05-02,22:00,SD Eibar,Málaga CF,,
38. Jornada,2026-05-02,22:00,UD Las Palmas,Real Valladolid,,
38. Jornada,2026-05-02,22:00,UD Almería,CD Mirandés,,
38. Jornada,2026-05-02,22:00,FC Andorra,Albacete,,
38. Jornada,2026-05-02,22:00,Real Sociedad B,Burgos CF,,
38. Jornada,2026-05-02,22:00,Cultural Leonesa,Cádiz CF,,
38. Jornada,2026-05-02,22:00,Sporting Gijón,AD Ceuta FC,,
38. Jornada,2026-05-02,22:00,Real Zaragoza,Granada CF,,
38. Jornada,2026-05-02,22:00,Racing Santander,SD Huesca,,
39. Jornada,2026-05-09,22:00,Albacete,Cultural Leonesa,,
39. Jornada,2026-05-09,22:00,Cádiz CF,Deportivo La Coruña,,
39. Jornada,2026-05-09,22:00,Córdoba CF,Granada CF,,
39. Jornada,2026-05-09,22:00,SD Huesca,Real Sociedad B,,
39. Jornada,2026-05-09,22:00,CD Leganés,Racing Santander,,
39. Jornada,2026-05-09,22:00,Málaga CF,Sporting Gijón,,
39. Jornada,2026-05-09,22:00,Real Valladolid,Real Zaragoza,,
39. Jornada,2026-05-09,22:00,FC Andorra,UD Las Palmas,,
39. Jornada,2026-05-09,22:00,AD Ceuta FC,CD Castellón,,
39. Jornada,2026-05-09,22:00,CD Mirandés,SD Eibar,,
39. Jornada,2026-05-09,22:00,Burgos CF,UD Almería,,
40. Jornada,2026-05-16,22:00,AD Ceuta FC,Málaga CF,,
40. Jornada,2026-05-16,22:00,Racing Santander,Real Valladolid,,
40. Jornada,2026-05-16,22:00,UD Almería,UD Las Palmas,,
40. Jornada,2026-05-16,22:00,Córdoba CF,Albacete,,
40. Jornada,2026-05-16,22:00,Granada CF,Burgos CF,,
40. Jornada,2026-05-16,22:00,CD Castellón,Cádiz CF,,
40. Jornada,2026-05-16,22:00,Cultural Leonesa,SD Eibar,,
40. Jornada,2026-05-16,22:00,CD Leganés,SD Huesca,,
40. Jornada,2026-05-16,22:00,Real Zaragoza,Sporting Gijón,,
40. Jornada,2026-05-16,22:00,Real Sociedad B,CD Mirandés,,
40. Jornada,2026-05-16,22:00,Deportivo La Coruña,FC Andorra,,
41. Jornada,2026-05-23,22:00,Albacete,Real Sociedad B,,
41. Jornada,2026-05-23,22:00,Cádiz CF,CD Leganés,,
41. Jornada,2026-05-23,22:00,UD Las Palmas,Real Zaragoza,,
41. Jornada,2026-05-23,22:00,Málaga CF,Racing Santander,,
41. Jornada,2026-05-23,22:00,FC Andorra,AD Ceuta FC,,
41. Jornada,2026-05-23,22:00,Cultural Leonesa,Burgos CF,,
41. Jornada,2026-05-23,22:00,SD Huesca,CD Castellón,,
41. Jornada,2026-05-23,22:00,SD Eibar,Córdoba CF,,
41. Jornada,2026-05-23,22:00,Real Valladolid,Deportivo La Coruña,,
41. Jornada,2026-05-23,22:00,CD Mirandés,Granada CF,,
41. Jornada,2026-05-23,22:00,Sporting Gijón,UD Almería,,
42. Jornada,2026-05-30,22:00,CD Castellón,SD Eibar,,
42. Jornada,2026-05-30,22:00,Córdoba CF,SD Huesca,,
42. Jornada,2026-05-30,22:00,Deportivo La Coruña,UD Las Palmas,,
42. Jornada,2026-05-30,22:00,Granada CF,Sporting Gijón,,
42. Jornada,2026-05-30,22:00,CD Leganés,CD Mirandés,,
42. Jornada,2026-05-30,22:00,UD Almería,Real Valladolid,,
42. Jornada,2026-05-30,22:00,AD Ceuta FC,Albacete,,
42. Jornada,2026-05-30,22:00,Racing Santander,Cádiz CF,,
42. Jornada,2026-05-30,22:00,Real Sociedad B,Cultural Leonesa,,
42. Jornada,2026-05-30,22:00,Real Zaragoza,Málaga CF,,
42. Jornada,2026-05-30,22:00,Burgos CF,FC Andorra,,
